<application>
  <component name="ProjectJdkTable">
    <jdk version="2">
      <name value="Python 3.7 (untitled)" />
      <type value="Python SDK" />
      <version value="Python 3.7.2" />
      <homePath value="C:\Users\SUPERUSER\PycharmProjects\untitled\venv\Scripts\python.exe" />
      <roots>
        <classPath>
          <root type="composite">
            <root url="file://$USER_HOME$/PycharmProjects/untitled/venv/Lib" type="simple" />
            <root url="file://$USER_HOME$/PycharmProjects/untitled/venv/Scripts" type="simple" />
            <root url="file://C:/Program Files (x86)/Python37-32/Lib" type="simple" />
            <root url="file://C:/Program Files (x86)/Python37-32/DLLs" type="simple" />
            <root url="file://$USER_HOME$/PycharmProjects/untitled/venv" type="simple" />
            <root url="file://$USER_HOME$/PycharmProjects/untitled/venv/Lib/site-packages" type="simple" />
            <root url="file://$USER_HOME$/.PyCharmCE2018.3/system/python_stubs/-223015292" type="simple" />
            <root url="file://$APPLICATION_HOME_DIR$/helpers/python-skeletons" type="simple" />
            <root url="file://$APPLICATION_HOME_DIR$/helpers/typeshed/stdlib/3" type="simple" />
            <root url="file://$APPLICATION_HOME_DIR$/helpers/typeshed/stdlib/2and3" type="simple" />
            <root url="file://$APPLICATION_HOME_DIR$/helpers/typeshed/third_party/3" type="simple" />
            <root url="file://$APPLICATION_HOME_DIR$/helpers/typeshed/third_party/2and3" type="simple" />
          </root>
        </classPath>
        <sourcePath>
          <root type="composite" />
        </sourcePath>
      </roots>
      <additional ASSOCIATED_PROJECT_PATH="$USER_HOME$/PycharmProjects/untitled" />
    </jdk>
    <jdk version="2">
      <name value="Python 3.7 (main.py)" />
      <type value="Python SDK" />
      <version value="Python 3.7.2" />
      <homePath value="C:\Users\SUPERUSER\PycharmProjects\main.py\venv\Scripts\python.exe" />
      <roots>
        <classPath>
          <root type="composite">
            <root url="file://C:/Program Files (x86)/Python37-32/DLLs" type="simple" />
            <root url="file://C:/Program Files (x86)/Python37-32/Lib" type="simple" />
            <root url="file://C:/Program Files (x86)/Python37-32" type="simple" />
            <root url="file://$USER_HOME$/PycharmProjects/main.py/venv" type="simple" />
            <root url="file://$USER_HOME$/PycharmProjects/main.py/venv/Lib/site-packages" type="simple" />
            <root url="jar://$USER_HOME$/PycharmProjects/main.py/venv/Lib/site-packages/setuptools-39.1.0-py3.7.egg!/" type="simple" />
            <root url="file://$USER_HOME$/PycharmProjects/main.py/venv/Lib/site-packages/pip-10.0.1-py3.7.egg" type="simple" />
            <root url="file://$USER_HOME$/.PyCharmCE2018.3/system/python_stubs/1544551295" type="simple" />
            <root url="file://$APPLICATION_HOME_DIR$/helpers/python-skeletons" type="simple" />
            <root url="file://$APPLICATION_HOME_DIR$/helpers/typeshed/stdlib/2" type="simple" />
            <root url="file://$APPLICATION_HOME_DIR$/helpers/typeshed/stdlib/2and3" type="simple" />
            <root url="file://$APPLICATION_HOME_DIR$/helpers/typeshed/third_party/2" type="simple" />
            <root url="file://$APPLICATION_HOME_DIR$/helpers/typeshed/third_party/2and3" type="simple" />
          </root>
        </classPath>
        <sourcePath>
          <root type="composite" />
        </sourcePath>
      </roots>
      <additional ASSOCIATED_PROJECT_PATH="$USER_HOME$/PycharmProjects/main.py" />
    </jdk>
    <jdk version="2">
      <name value="Python 3.7 (Functions)" />
      <type value="Python SDK" />
      <version value="Python 3.7.2" />
      <homePath value="C:\Users\SUPERUSER\PycharmProjects\Functions\venv\Scripts\python.exe" />
      <roots>
        <classPath>
          <root type="composite">
            <root url="file://C:/Program Files (x86)/Python37-32/DLLs" type="simple" />
            <root url="file://C:/Program Files (x86)/Python37-32/Lib" type="simple" />
            <root url="file://C:/Program Files (x86)/Python37-32" type="simple" />
            <root url="file://$USER_HOME$/PycharmProjects/Functions/venv" type="simple" />
            <root url="file://$USER_HOME$/PycharmProjects/Functions/venv/Lib/site-packages" type="simple" />
            <root url="jar://$USER_HOME$/PycharmProjects/Functions/venv/Lib/site-packages/setuptools-39.1.0-py3.7.egg!/" type="simple" />
            <root url="file://$USER_HOME$/PycharmProjects/Functions/venv/Lib/site-packages/pip-10.0.1-py3.7.egg" type="simple" />
            <root url="file://$USER_HOME$/.PyCharmCE2018.3/system/python_stubs/819453276" type="simple" />
            <root url="file://$APPLICATION_HOME_DIR$/helpers/python-skeletons" type="simple" />
            <root url="file://$APPLICATION_HOME_DIR$/helpers/typeshed/stdlib/2" type="simple" />
            <root url="file://$APPLICATION_HOME_DIR$/helpers/typeshed/stdlib/2and3" type="simple" />
            <root url="file://$APPLICATION_HOME_DIR$/helpers/typeshed/third_party/2" type="simple" />
            <root url="file://$APPLICATION_HOME_DIR$/helpers/typeshed/third_party/2and3" type="simple" />
          </root>
        </classPath>
        <sourcePath>
          <root type="composite" />
        </sourcePath>
      </roots>
      <additional ASSOCIATED_PROJECT_PATH="$USER_HOME$/PycharmProjects/Functions" />
    </jdk>
    <jdk version="2">
      <name value="Python 3.7 (variables)" />
      <type value="Python SDK" />
      <version value="Python 3.7.2" />
      <homePath value="C:\Users\SUPERUSER\PycharmProject\variables\venv\Scripts\python.exe" />
      <roots>
        <classPath>
          <root type="composite">
            <root url="file://C:/Program Files (x86)/Python37-32/DLLs" type="simple" />
            <root url="file://C:/Program Files (x86)/Python37-32/Lib" type="simple" />
            <root url="file://C:/Program Files (x86)/Python37-32" type="simple" />
            <root url="file://$USER_HOME$/PycharmProject/variables/venv" type="simple" />
            <root url="file://$USER_HOME$/PycharmProject/variables/venv/Lib/site-packages" type="simple" />
            <root url="jar://$USER_HOME$/PycharmProject/variables/venv/Lib/site-packages/setuptools-39.1.0-py3.7.egg!/" type="simple" />
            <root url="file://$USER_HOME$/PycharmProject/variables/venv/Lib/site-packages/pip-10.0.1-py3.7.egg" type="simple" />
            <root url="file://$USER_HOME$/.PyCharmCE2018.3/system/python_stubs/-886064981" type="simple" />
            <root url="file://$APPLICATION_HOME_DIR$/helpers/python-skeletons" type="simple" />
            <root url="file://$APPLICATION_HOME_DIR$/helpers/typeshed/stdlib/3" type="simple" />
            <root url="file://$APPLICATION_HOME_DIR$/helpers/typeshed/stdlib/2and3" type="simple" />
            <root url="file://$APPLICATION_HOME_DIR$/helpers/typeshed/third_party/3" type="simple" />
            <root url="file://$APPLICATION_HOME_DIR$/helpers/typeshed/third_party/2and3" type="simple" />
          </root>
        </classPath>
        <sourcePath>
          <root type="composite" />
        </sourcePath>
      </roots>
      <additional ASSOCIATED_PROJECT_PATH="$USER_HOME$/PycharmProject/variables" />
    </jdk>
    <jdk version="2">
      <name value="Python 3.7 (fuctions)" />
      <type value="Python SDK" />
      <version value="Python 3.7.2" />
      <homePath value="C:\Users\SUPERUSER\PycharmProject\fuctions\venv\Scripts\python.exe" />
      <roots>
        <classPath>
          <root type="composite">
            <root url="file://C:/Program Files (x86)/Python37-32/DLLs" type="simple" />
            <root url="file://C:/Program Files (x86)/Python37-32/Lib" type="simple" />
            <root url="file://C:/Program Files (x86)/Python37-32" type="simple" />
            <root url="file://$USER_HOME$/PycharmProject/fuctions/venv" type="simple" />
            <root url="file://$USER_HOME$/PycharmProject/fuctions/venv/Lib/site-packages" type="simple" />
            <root url="jar://$USER_HOME$/PycharmProject/fuctions/venv/Lib/site-packages/setuptools-39.1.0-py3.7.egg!/" type="simple" />
            <root url="file://$USER_HOME$/PycharmProject/fuctions/venv/Lib/site-packages/pip-10.0.1-py3.7.egg" type="simple" />
            <root url="file://$USER_HOME$/.PyCharmCE2018.3/system/python_stubs/1557780183" type="simple" />
            <root url="file://$APPLICATION_HOME_DIR$/helpers/python-skeletons" type="simple" />
            <root url="file://$APPLICATION_HOME_DIR$/helpers/typeshed/stdlib/3" type="simple" />
            <root url="file://$APPLICATION_HOME_DIR$/helpers/typeshed/stdlib/2and3" type="simple" />
            <root url="file://$APPLICATION_HOME_DIR$/helpers/typeshed/third_party/3" type="simple" />
            <root url="file://$APPLICATION_HOME_DIR$/helpers/typeshed/third_party/2and3" type="simple" />
          </root>
        </classPath>
        <sourcePath>
          <root type="composite" />
        </sourcePath>
      </roots>
      <additional ASSOCIATED_PROJECT_PATH="$USER_HOME$/PycharmProject/fuctions" />
    </jdk>
    <jdk version="2">
      <name value="Python 3.7 (if.statements)" />
      <type value="Python SDK" />
      <version value="Python 3.7.2" />
      <homePath value="C:\Users\SUPERUSER\PycharmProject\untitled\if.statements\venv\Scripts\python.exe" />
      <roots>
        <classPath>
          <root type="composite">
            <root url="file://C:/Program Files (x86)/Python37-32/DLLs" type="simple" />
            <root url="file://C:/Program Files (x86)/Python37-32/Lib" type="simple" />
            <root url="file://C:/Program Files (x86)/Python37-32" type="simple" />
            <root url="file://$USER_HOME$/PycharmProject/untitled/if.statements/venv" type="simple" />
            <root url="file://$USER_HOME$/PycharmProject/untitled/if.statements/venv/Lib/site-packages" type="simple" />
            <root url="jar://$USER_HOME$/PycharmProject/untitled/if.statements/venv/Lib/site-packages/setuptools-39.1.0-py3.7.egg!/" type="simple" />
            <root url="file://$USER_HOME$/PycharmProject/untitled/if.statements/venv/Lib/site-packages/pip-10.0.1-py3.7.egg" type="simple" />
            <root url="file://$USER_HOME$/.PyCharmCE2018.3/system/python_stubs/-711963241" type="simple" />
            <root url="file://$APPLICATION_HOME_DIR$/helpers/python-skeletons" type="simple" />
            <root url="file://$APPLICATION_HOME_DIR$/helpers/typeshed/stdlib/3" type="simple" />
            <root url="file://$APPLICATION_HOME_DIR$/helpers/typeshed/stdlib/2and3" type="simple" />
            <root url="file://$APPLICATION_HOME_DIR$/helpers/typeshed/third_party/3" type="simple" />
            <root url="file://$APPLICATION_HOME_DIR$/helpers/typeshed/third_party/2and3" type="simple" />
          </root>
        </classPath>
        <sourcePath>
          <root type="composite" />
        </sourcePath>
      </roots>
      <additional ASSOCIATED_PROJECT_PATH="$USER_HOME$/PycharmProject/untitled/if.statements" />
    </jdk>
    <jdk version="2">
      <name value="Python 3.7 (untitled) (2)" />
      <type value="Python SDK" />
      <version value="Python 3.7.2" />
      <homePath value="C:\Users\SUPERUSER\PycharmProject\untitled\untitled\venv\Scripts\python.exe" />
      <roots>
        <classPath>
          <root type="composite">
            <root url="file://C:/Program Files (x86)/Python37-32/DLLs" type="simple" />
            <root url="file://C:/Program Files (x86)/Python37-32/Lib" type="simple" />
            <root url="file://C:/Program Files (x86)/Python37-32" type="simple" />
            <root url="file://$USER_HOME$/PycharmProject/untitled/untitled/venv" type="simple" />
            <root url="file://$USER_HOME$/PycharmProject/untitled/untitled/venv/Lib/site-packages" type="simple" />
            <root url="jar://$USER_HOME$/PycharmProject/untitled/untitled/venv/Lib/site-packages/setuptools-39.1.0-py3.7.egg!/" type="simple" />
            <root url="file://$USER_HOME$/PycharmProject/untitled/untitled/venv/Lib/site-packages/pip-10.0.1-py3.7.egg" type="simple" />
            <root url="file://$USER_HOME$/.PyCharmCE2018.3/system/python_stubs/-607346173" type="simple" />
            <root url="file://$APPLICATION_HOME_DIR$/helpers/python-skeletons" type="simple" />
            <root url="file://$APPLICATION_HOME_DIR$/helpers/typeshed/stdlib/3" type="simple" />
            <root url="file://$APPLICATION_HOME_DIR$/helpers/typeshed/stdlib/2and3" type="simple" />
            <root url="file://$APPLICATION_HOME_DIR$/helpers/typeshed/third_party/3" type="simple" />
            <root url="file://$APPLICATION_HOME_DIR$/helpers/typeshed/third_party/2and3" type="simple" />
          </root>
        </classPath>
        <sourcePath>
          <root type="composite" />
        </sourcePath>
      </roots>
      <additional ASSOCIATED_PROJECT_PATH="$USER_HOME$/PycharmProject/untitled/untitled" />
    </jdk>
    <jdk version="2">
      <name value="Python 3.7 (lists)" />
      <type value="Python SDK" />
      <version value="Python 3.7.2" />
      <homePath value="C:\Users\SUPERUSER\PycharmProject\untitled\lists\venv\Scripts\python.exe" />
      <roots>
        <classPath>
          <root type="composite">
            <root url="file://C:/Program Files (x86)/Python37-32/DLLs" type="simple" />
            <root url="file://C:/Program Files (x86)/Python37-32/Lib" type="simple" />
            <root url="file://C:/Program Files (x86)/Python37-32" type="simple" />
            <root url="file://$USER_HOME$/PycharmProject/untitled/lists/venv" type="simple" />
            <root url="file://$USER_HOME$/PycharmProject/untitled/lists/venv/Lib/site-packages" type="simple" />
            <root url="jar://$USER_HOME$/PycharmProject/untitled/lists/venv/Lib/site-packages/setuptools-39.1.0-py3.7.egg!/" type="simple" />
            <root url="file://$USER_HOME$/PycharmProject/untitled/lists/venv/Lib/site-packages/pip-10.0.1-py3.7.egg" type="simple" />
            <root url="file://$USER_HOME$/.PyCharmCE2018.3/system/python_stubs/1441124567" type="simple" />
            <root url="file://$APPLICATION_HOME_DIR$/helpers/python-skeletons" type="simple" />
            <root url="file://$APPLICATION_HOME_DIR$/helpers/typeshed/stdlib/3" type="simple" />
            <root url="file://$APPLICATION_HOME_DIR$/helpers/typeshed/stdlib/2and3" type="simple" />
            <root url="file://$APPLICATION_HOME_DIR$/helpers/typeshed/third_party/3" type="simple" />
            <root url="file://$APPLICATION_HOME_DIR$/helpers/typeshed/third_party/2and3" type="simple" />
          </root>
        </classPath>
        <sourcePath>
          <root type="composite" />
        </sourcePath>
      </roots>
      <additional ASSOCIATED_PROJECT_PATH="$USER_HOME$/PycharmProject/untitled/lists" />
    </jdk>
    <jdk version="2">
      <name value="Python 3.7 (loop)" />
      <type value="Python SDK" />
      <version value="Python 3.7.2" />
      <homePath value="C:\Users\SUPERUSER\PycharmProject\untitled\loop\venv\Scripts\python.exe" />
      <roots>
        <classPath>
          <root type="composite">
            <root url="file://C:/Program Files (x86)/Python37-32/DLLs" type="simple" />
            <root url="file://C:/Program Files (x86)/Python37-32/Lib" type="simple" />
            <root url="file://C:/Program Files (x86)/Python37-32" type="simple" />
            <root url="file://$USER_HOME$/PycharmProject/untitled/loop/venv" type="simple" />
            <root url="file://$USER_HOME$/PycharmProject/untitled/loop/venv/Lib/site-packages" type="simple" />
            <root url="jar://$USER_HOME$/PycharmProject/untitled/loop/venv/Lib/site-packages/setuptools-39.1.0-py3.7.egg!/" type="simple" />
            <root url="file://$USER_HOME$/PycharmProject/untitled/loop/venv/Lib/site-packages/pip-10.0.1-py3.7.egg" type="simple" />
            <root url="file://$USER_HOME$/.PyCharmCE2018.3/system/python_stubs/1919979970" type="simple" />
            <root url="file://$APPLICATION_HOME_DIR$/helpers/python-skeletons" type="simple" />
            <root url="file://$APPLICATION_HOME_DIR$/helpers/typeshed/stdlib/3" type="simple" />
            <root url="file://$APPLICATION_HOME_DIR$/helpers/typeshed/stdlib/2and3" type="simple" />
            <root url="file://$APPLICATION_HOME_DIR$/helpers/typeshed/third_party/3" type="simple" />
            <root url="file://$APPLICATION_HOME_DIR$/helpers/typeshed/third_party/2and3" type="simple" />
          </root>
        </classPath>
        <sourcePath>
          <root type="composite" />
        </sourcePath>
      </roots>
      <additional ASSOCIATED_PROJECT_PATH="$USER_HOME$/PycharmProject/untitled/loop" />
    </jdk>
    <jdk version="2">
      <name value="Python 3.7 (Loops)" />
      <type value="Python SDK" />
      <version value="Python 3.7.2" />
      <homePath value="C:\Users\SUPERUSER\PycharmProject\untitled\Loops\venv\Scripts\python.exe" />
      <roots>
        <classPath>
          <root type="composite">
            <root url="file://C:/Program Files (x86)/Python37-32/DLLs" type="simple" />
            <root url="file://C:/Program Files (x86)/Python37-32/Lib" type="simple" />
            <root url="file://C:/Program Files (x86)/Python37-32" type="simple" />
            <root url="file://$USER_HOME$/PycharmProject/untitled/Loops/venv" type="simple" />
            <root url="file://$USER_HOME$/PycharmProject/untitled/Loops/venv/Lib/site-packages" type="simple" />
            <root url="jar://$USER_HOME$/PycharmProject/untitled/Loops/venv/Lib/site-packages/setuptools-39.1.0-py3.7.egg!/" type="simple" />
            <root url="file://$USER_HOME$/PycharmProject/untitled/Loops/venv/Lib/site-packages/pip-10.0.1-py3.7.egg" type="simple" />
            <root url="file://$USER_HOME$/.PyCharmCE2018.3/system/python_stubs/-467280527" type="simple" />
            <root url="file://$APPLICATION_HOME_DIR$/helpers/python-skeletons" type="simple" />
            <root url="file://$APPLICATION_HOME_DIR$/helpers/typeshed/stdlib/3" type="simple" />
            <root url="file://$APPLICATION_HOME_DIR$/helpers/typeshed/stdlib/2and3" type="simple" />
            <root url="file://$APPLICATION_HOME_DIR$/helpers/typeshed/third_party/3" type="simple" />
            <root url="file://$APPLICATION_HOME_DIR$/helpers/typeshed/third_party/2and3" type="simple" />
          </root>
        </classPath>
        <sourcePath>
          <root type="composite" />
        </sourcePath>
      </roots>
      <additional ASSOCIATED_PROJECT_PATH="$USER_HOME$/PycharmProject/untitled/Loops" />
    </jdk>
    <jdk version="2">
      <name value="Python 3.7 (Test)" />
      <type value="Python SDK" />
      <version value="Python 3.7.2" />
      <homePath value="C:\Users\SUPERUSER\PycharmProject\untitled\Test\venv\Scripts\python.exe" />
      <roots>
        <classPath>
          <root type="composite">
            <root url="file://C:/Program Files (x86)/Python37-32/DLLs" type="simple" />
            <root url="file://C:/Program Files (x86)/Python37-32/Lib" type="simple" />
            <root url="file://C:/Program Files (x86)/Python37-32" type="simple" />
            <root url="file://$USER_HOME$/PycharmProject/untitled/Test/venv" type="simple" />
            <root url="file://$USER_HOME$/PycharmProject/untitled/Test/venv/Lib/site-packages" type="simple" />
            <root url="jar://$USER_HOME$/PycharmProject/untitled/Test/venv/Lib/site-packages/setuptools-39.1.0-py3.7.egg!/" type="simple" />
            <root url="file://$USER_HOME$/PycharmProject/untitled/Test/venv/Lib/site-packages/pip-10.0.1-py3.7.egg" type="simple" />
            <root url="file://$USER_HOME$/.PyCharmCE2018.3/system/python_stubs/-1177306672" type="simple" />
            <root url="file://$APPLICATION_HOME_DIR$/helpers/python-skeletons" type="simple" />
            <root url="file://$APPLICATION_HOME_DIR$/helpers/typeshed/stdlib/3" type="simple" />
            <root url="file://$APPLICATION_HOME_DIR$/helpers/typeshed/stdlib/2and3" type="simple" />
            <root url="file://$APPLICATION_HOME_DIR$/helpers/typeshed/third_party/3" type="simple" />
            <root url="file://$APPLICATION_HOME_DIR$/helpers/typeshed/third_party/2and3" type="simple" />
          </root>
        </classPath>
        <sourcePath>
          <root type="composite" />
        </sourcePath>
      </roots>
      <additional ASSOCIATED_PROJECT_PATH="$USER_HOME$/PycharmProject/untitled/Test" />
    </jdk>
    <jdk version="2">
      <name value="Python 3.7 (ADVloop)" />
      <type value="Python SDK" />
      <version value="Python 3.7.2" />
      <homePath value="C:\Users\SUPERUSER\PycharmProject\untitled\ADVloop\venv\Scripts\python.exe" />
      <roots>
        <classPath>
          <root type="composite">
            <root url="file://C:/Program Files (x86)/Python37-32/DLLs" type="simple" />
            <root url="file://C:/Program Files (x86)/Python37-32/Lib" type="simple" />
            <root url="file://C:/Program Files (x86)/Python37-32" type="simple" />
            <root url="file://$USER_HOME$/PycharmProject/untitled/ADVloop/venv" type="simple" />
            <root url="file://$USER_HOME$/PycharmProject/untitled/ADVloop/venv/Lib/site-packages" type="simple" />
            <root url="jar://$USER_HOME$/PycharmProject/untitled/ADVloop/venv/Lib/site-packages/setuptools-39.1.0-py3.7.egg!/" type="simple" />
            <root url="file://$USER_HOME$/PycharmProject/untitled/ADVloop/venv/Lib/site-packages/pip-10.0.1-py3.7.egg" type="simple" />
            <root url="file://$USER_HOME$/.PyCharmCE2018.3/system/python_stubs/2045760633" type="simple" />
            <root url="file://$APPLICATION_HOME_DIR$/helpers/python-skeletons" type="simple" />
            <root url="file://$APPLICATION_HOME_DIR$/helpers/typeshed/stdlib/3" type="simple" />
            <root url="file://$APPLICATION_HOME_DIR$/helpers/typeshed/stdlib/2and3" type="simple" />
            <root url="file://$APPLICATION_HOME_DIR$/helpers/typeshed/third_party/3" type="simple" />
            <root url="file://$APPLICATION_HOME_DIR$/helpers/typeshed/third_party/2and3" type="simple" />
          </root>
        </classPath>
        <sourcePath>
          <root type="composite" />
        </sourcePath>
      </roots>
      <additional ASSOCIATED_PROJECT_PATH="$USER_HOME$/PycharmProject/untitled/ADVloop" />
    </jdk>
    <jdk version="2">
      <name value="Python 3.7" />
      <type value="Python SDK" />
      <version value="Python 3.7.2" />
      <homePath value="C:\Program Files (x86)\Python37-32\python.exe" />
      <roots>
        <classPath>
          <root type="composite">
            <root url="file://C:/Program Files (x86)/Python37-32/DLLs" type="simple" />
            <root url="file://C:/Program Files (x86)/Python37-32/Lib" type="simple" />
            <root url="file://C:/Program Files (x86)/Python37-32" type="simple" />
            <root url="file://C:/Program Files (x86)/Python37-32/Lib/site-packages" type="simple" />
            <root url="file://$USER_HOME$/.PyCharmCE2018.3/system/python_stubs/-1384526572" type="simple" />
            <root url="file://$APPLICATION_HOME_DIR$/helpers/python-skeletons" type="simple" />
            <root url="file://$APPLICATION_HOME_DIR$/helpers/typeshed/stdlib/3" type="simple" />
            <root url="file://$APPLICATION_HOME_DIR$/helpers/typeshed/stdlib/2and3" type="simple" />
            <root url="file://$APPLICATION_HOME_DIR$/helpers/typeshed/third_party/3" type="simple" />
            <root url="file://$APPLICATION_HOME_DIR$/helpers/typeshed/third_party/2and3" type="simple" />
          </root>
        </classPath>
        <sourcePath>
          <root type="composite" />
        </sourcePath>
      </roots>
      <additional />
    </jdk>
    <jdk version="2">
      <name value="Python 3.7 (TIC-TAC-TOE Test1)" />
      <type value="Python SDK" />
      <version value="Python 3.7.2" />
      <homePath value="C:\Users\SUPERUSER\PycharmProject\untitled\TIC-TAC-TOE Test1\venv\Scripts\python.exe" />
      <roots>
        <classPath>
          <root type="composite">
            <root url="file://C:/Program Files (x86)/Python37-32/DLLs" type="simple" />
            <root url="file://C:/Program Files (x86)/Python37-32/Lib" type="simple" />
            <root url="file://C:/Program Files (x86)/Python37-32" type="simple" />
            <root url="file://$USER_HOME$/PycharmProject/untitled/TIC-TAC-TOE Test1/venv" type="simple" />
            <root url="file://$USER_HOME$/PycharmProject/untitled/TIC-TAC-TOE Test1/venv/Lib/site-packages" type="simple" />
            <root url="jar://$USER_HOME$/PycharmProject/untitled/TIC-TAC-TOE Test1/venv/Lib/site-packages/setuptools-39.1.0-py3.7.egg!/" type="simple" />
            <root url="file://$USER_HOME$/PycharmProject/untitled/TIC-TAC-TOE Test1/venv/Lib/site-packages/pip-10.0.1-py3.7.egg" type="simple" />
            <root url="file://$USER_HOME$/.PyCharmCE2018.3/system/python_stubs/1866206933" type="simple" />
            <root url="file://$APPLICATION_HOME_DIR$/helpers/python-skeletons" type="simple" />
            <root url="file://$APPLICATION_HOME_DIR$/helpers/typeshed/stdlib/3" type="simple" />
            <root url="file://$APPLICATION_HOME_DIR$/helpers/typeshed/stdlib/2and3" type="simple" />
            <root url="file://$APPLICATION_HOME_DIR$/helpers/typeshed/third_party/3" type="simple" />
            <root url="file://$APPLICATION_HOME_DIR$/helpers/typeshed/third_party/2and3" type="simple" />
          </root>
        </classPath>
        <sourcePath>
          <root type="composite" />
        </sourcePath>
      </roots>
      <additional ASSOCIATED_PROJECT_PATH="$USER_HOME$/PycharmProject/untitled/TIC-TAC-TOE Test1" />
    </jdk>
    <jdk version="2">
      <name value="Python 3.7 (Particiapnts)" />
      <type value="Python SDK" />
      <version value="Python 3.7.2" />
      <homePath value="C:\Users\SUPERUSER\PycharmProject\untitled\Particiapnts\venv\Scripts\python.exe" />
      <roots>
        <classPath>
          <root type="composite">
            <root url="file://C:/Program Files (x86)/Python37-32/DLLs" type="simple" />
            <root url="file://C:/Program Files (x86)/Python37-32/Lib" type="simple" />
            <root url="file://C:/Program Files (x86)/Python37-32" type="simple" />
            <root url="file://$USER_HOME$/PycharmProject/untitled/Particiapnts/venv" type="simple" />
            <root url="file://$USER_HOME$/PycharmProject/untitled/Particiapnts/venv/Lib/site-packages" type="simple" />
            <root url="jar://$USER_HOME$/PycharmProject/untitled/Particiapnts/venv/Lib/site-packages/setuptools-39.1.0-py3.7.egg!/" type="simple" />
            <root url="file://$USER_HOME$/PycharmProject/untitled/Particiapnts/venv/Lib/site-packages/pip-10.0.1-py3.7.egg" type="simple" />
            <root url="file://$USER_HOME$/.PyCharmCE2018.3/system/python_stubs/-410296352" type="simple" />
            <root url="file://$APPLICATION_HOME_DIR$/helpers/python-skeletons" type="simple" />
            <root url="file://$APPLICATION_HOME_DIR$/helpers/typeshed/stdlib/3" type="simple" />
            <root url="file://$APPLICATION_HOME_DIR$/helpers/typeshed/stdlib/2and3" type="simple" />
            <root url="file://$APPLICATION_HOME_DIR$/helpers/typeshed/third_party/3" type="simple" />
            <root url="file://$APPLICATION_HOME_DIR$/helpers/typeshed/third_party/2and3" type="simple" />
          </root>
        </classPath>
        <sourcePath>
          <root type="composite" />
        </sourcePath>
      </roots>
      <additional ASSOCIATED_PROJECT_PATH="$USER_HOME$/PycharmProject/untitled/Particiapnts" />
    </jdk>
    <jdk version="2">
      <name value="Python 3.7 (Data.1)" />
      <type value="Python SDK" />
      <version value="Python 3.7.2" />
      <homePath value="C:\Users\SUPERUSER\PycharmProject\untitled\Data.1\venv\Scripts\python.exe" />
      <roots>
        <classPath>
          <root type="composite">
            <root url="file://C:/Program Files (x86)/Python37-32/DLLs" type="simple" />
            <root url="file://C:/Program Files (x86)/Python37-32/Lib" type="simple" />
            <root url="file://C:/Program Files (x86)/Python37-32" type="simple" />
            <root url="file://$USER_HOME$/PycharmProject/untitled/Data.1/venv" type="simple" />
            <root url="file://$USER_HOME$/PycharmProject/untitled/Data.1/venv/Lib/site-packages" type="simple" />
            <root url="jar://$USER_HOME$/PycharmProject/untitled/Data.1/venv/Lib/site-packages/setuptools-39.1.0-py3.7.egg!/" type="simple" />
            <root url="file://$USER_HOME$/PycharmProject/untitled/Data.1/venv/Lib/site-packages/pip-10.0.1-py3.7.egg" type="simple" />
            <root url="file://$USER_HOME$/.PyCharmCE2018.3/system/python_stubs/1335927723" type="simple" />
            <root url="file://$APPLICATION_HOME_DIR$/helpers/python-skeletons" type="simple" />
            <root url="file://$APPLICATION_HOME_DIR$/helpers/typeshed/stdlib/3" type="simple" />
            <root url="file://$APPLICATION_HOME_DIR$/helpers/typeshed/stdlib/2and3" type="simple" />
            <root url="file://$APPLICATION_HOME_DIR$/helpers/typeshed/third_party/3" type="simple" />
            <root url="file://$APPLICATION_HOME_DIR$/helpers/typeshed/third_party/2and3" type="simple" />
          </root>
        </classPath>
        <sourcePath>
          <root type="composite" />
        </sourcePath>
      </roots>
      <additional ASSOCIATED_PROJECT_PATH="$USER_HOME$/PycharmProject/untitled/Data.1" />
    </jdk>
    <jdk version="2">
      <name value="Python 3.7 (connect4)" />
      <type value="Python SDK" />
      <homePath value="C:\Users\SUPERUSER\PycharmProject\untitled\connect4\venv\Scripts\python.exe" />
      <roots>
        <classPath>
          <root type="composite">
            <root url="file://C:/Program Files (x86)/Python37-32/DLLs" type="simple" />
            <root url="file://C:/Program Files (x86)/Python37-32/Lib" type="simple" />
            <root url="file://C:/Program Files (x86)/Python37-32" type="simple" />
            <root url="file://$USER_HOME$/PycharmProject/untitled/connect4/venv" type="simple" />
            <root url="file://$USER_HOME$/PycharmProject/untitled/connect4/venv/Lib/site-packages" type="simple" />
            <root url="jar://$USER_HOME$/PycharmProject/untitled/connect4/venv/Lib/site-packages/setuptools-39.1.0-py3.7.egg!/" type="simple" />
            <root url="file://$USER_HOME$/PycharmProject/untitled/connect4/venv/Lib/site-packages/pip-10.0.1-py3.7.egg" type="simple" />
            <root url="file://$USER_HOME$/.PyCharmCE2018.3/system/python_stubs/1516816040" type="simple" />
            <root url="file://$APPLICATION_HOME_DIR$/helpers/python-skeletons" type="simple" />
            <root url="file://$APPLICATION_HOME_DIR$/helpers/typeshed/stdlib/3" type="simple" />
            <root url="file://$APPLICATION_HOME_DIR$/helpers/typeshed/stdlib/2and3" type="simple" />
            <root url="file://$APPLICATION_HOME_DIR$/helpers/typeshed/third_party/3" type="simple" />
            <root url="file://$APPLICATION_HOME_DIR$/helpers/typeshed/third_party/2and3" type="simple" />
          </root>
        </classPath>
        <sourcePath>
          <root type="composite" />
        </sourcePath>
      </roots>
      <additional ASSOCIATED_PROJECT_PATH="$USER_HOME$/PycharmProject/untitled/connect4" />
    </jdk>
    <jdk version="2">
      <name value="Python 3.7 (classTask)" />
      <type value="Python SDK" />
      <version value="Python 3.7.2" />
      <homePath value="C:\Users\SUPERUSER\PycharmProject\untitled\classTask\venv\Scripts\python.exe" />
      <roots>
        <classPath>
          <root type="composite">
            <root url="file://C:/Program Files (x86)/Python37-32/DLLs" type="simple" />
            <root url="file://C:/Program Files (x86)/Python37-32/Lib" type="simple" />
            <root url="file://C:/Program Files (x86)/Python37-32" type="simple" />
            <root url="file://$USER_HOME$/PycharmProject/untitled/classTask/venv" type="simple" />
            <root url="file://$USER_HOME$/PycharmProject/untitled/classTask/venv/Lib/site-packages" type="simple" />
            <root url="jar://$USER_HOME$/PycharmProject/untitled/classTask/venv/Lib/site-packages/setuptools-39.1.0-py3.7.egg!/" type="simple" />
            <root url="file://$USER_HOME$/PycharmProject/untitled/classTask/venv/Lib/site-packages/pip-10.0.1-py3.7.egg" type="simple" />
            <root url="file://$USER_HOME$/.PyCharmCE2018.3/system/python_stubs/-1203690657" type="simple" />
            <root url="file://$APPLICATION_HOME_DIR$/helpers/python-skeletons" type="simple" />
            <root url="file://$APPLICATION_HOME_DIR$/helpers/typeshed/stdlib/3" type="simple" />
            <root url="file://$APPLICATION_HOME_DIR$/helpers/typeshed/stdlib/2and3" type="simple" />
            <root url="file://$APPLICATION_HOME_DIR$/helpers/typeshed/third_party/3" type="simple" />
            <root url="file://$APPLICATION_HOME_DIR$/helpers/typeshed/third_party/2and3" type="simple" />
          </root>
        </classPath>
        <sourcePath>
          <root type="composite" />
        </sourcePath>
      </roots>
      <additional ASSOCIATED_PROJECT_PATH="$USER_HOME$/PycharmProject/untitled/classTask" />
    </jdk>
    <jdk version="2">
      <name value="Python 3.7 (Exzamproposal)" />
      <type value="Python SDK" />
      <version value="Python 3.7.2" />
      <homePath value="C:\Users\SUPERUSER\PycharmProjects\Exzamproposal\venv\Scripts\python.exe" />
      <roots>
        <classPath>
          <root type="composite">
            <root url="file://C:/Program Files (x86)/Python37-32/DLLs" type="simple" />
            <root url="file://C:/Program Files (x86)/Python37-32/Lib" type="simple" />
            <root url="file://C:/Program Files (x86)/Python37-32" type="simple" />
            <root url="file://$USER_HOME$/PycharmProjects/Exzamproposal/venv" type="simple" />
            <root url="file://$USER_HOME$/PycharmProjects/Exzamproposal/venv/Lib/site-packages" type="simple" />
            <root url="jar://$USER_HOME$/PycharmProjects/Exzamproposal/venv/Lib/site-packages/setuptools-39.1.0-py3.7.egg!/" type="simple" />
            <root url="file://$USER_HOME$/PycharmProjects/Exzamproposal/venv/Lib/site-packages/pip-10.0.1-py3.7.egg" type="simple" />
            <root url="file://$USER_HOME$/.PyCharmCE2018.3/system/python_stubs/1161340870" type="simple" />
            <root url="file://$APPLICATION_HOME_DIR$/helpers/python-skeletons" type="simple" />
            <root url="file://$APPLICATION_HOME_DIR$/helpers/typeshed/stdlib/3" type="simple" />
            <root url="file://$APPLICATION_HOME_DIR$/helpers/typeshed/stdlib/2and3" type="simple" />
            <root url="file://$APPLICATION_HOME_DIR$/helpers/typeshed/third_party/3" type="simple" />
            <root url="file://$APPLICATION_HOME_DIR$/helpers/typeshed/third_party/2and3" type="simple" />
          </root>
        </classPath>
        <sourcePath>
          <root type="composite" />
        </sourcePath>
      </roots>
      <additional ASSOCIATED_PROJECT_PATH="$USER_HOME$/PycharmProjects/Exzamproposal" />
    </jdk>
    <jdk version="2">
      <name value="Python 3.7 (Chess101.py)" />
      <type value="Python SDK" />
      <version value="Python 3.7.2" />
      <homePath value="C:\Users\SUPERUSER\PycharmProject\Chess101.py\venv\Scripts\python.exe" />
      <roots>
        <classPath>
          <root type="composite">
            <root url="file://C:/Program Files (x86)/Python37-32/DLLs" type="simple" />
            <root url="file://C:/Program Files (x86)/Python37-32/Lib" type="simple" />
            <root url="file://C:/Program Files (x86)/Python37-32" type="simple" />
            <root url="file://$USER_HOME$/PycharmProject/Chess101.py/venv" type="simple" />
            <root url="file://$USER_HOME$/PycharmProject/Chess101.py/venv/Lib/site-packages" type="simple" />
            <root url="jar://$USER_HOME$/PycharmProject/Chess101.py/venv/Lib/site-packages/setuptools-39.1.0-py3.7.egg!/" type="simple" />
            <root url="file://$USER_HOME$/PycharmProject/Chess101.py/venv/Lib/site-packages/pip-10.0.1-py3.7.egg" type="simple" />
            <root url="file://$USER_HOME$/.PyCharmCE2018.3/system/python_stubs/-1984317799" type="simple" />
            <root url="file://$APPLICATION_HOME_DIR$/helpers/python-skeletons" type="simple" />
            <root url="file://$APPLICATION_HOME_DIR$/helpers/typeshed/stdlib/3" type="simple" />
            <root url="file://$APPLICATION_HOME_DIR$/helpers/typeshed/stdlib/2and3" type="simple" />
            <root url="file://$APPLICATION_HOME_DIR$/helpers/typeshed/third_party/3" type="simple" />
            <root url="file://$APPLICATION_HOME_DIR$/helpers/typeshed/third_party/2and3" type="simple" />
          </root>
        </classPath>
        <sourcePath>
          <root type="composite" />
        </sourcePath>
      </roots>
      <additional ASSOCIATED_PROJECT_PATH="$USER_HOME$/PycharmProject/Chess101.py" />
    </jdk>
    <jdk version="2">
      <name value="Python 3.7 (InventoryProject)" />
      <type value="Python SDK" />
      <version value="Python 3.7.2" />
      <homePath value="C:\Users\SUPERUSER\PycharmProject\InventoryProject\venv\Scripts\python.exe" />
      <roots>
        <classPath>
          <root type="composite">
            <root url="file://C:/Program Files (x86)/Python37-32/DLLs" type="simple" />
            <root url="file://C:/Program Files (x86)/Python37-32/Lib" type="simple" />
            <root url="file://C:/Program Files (x86)/Python37-32" type="simple" />
            <root url="file://$USER_HOME$/PycharmProject/InventoryProject/venv" type="simple" />
            <root url="file://$USER_HOME$/PycharmProject/InventoryProject/venv/Lib/site-packages" type="simple" />
            <root url="jar://$USER_HOME$/PycharmProject/InventoryProject/venv/Lib/site-packages/setuptools-39.1.0-py3.7.egg!/" type="simple" />
            <root url="file://$USER_HOME$/PycharmProject/InventoryProject/venv/Lib/site-packages/pip-10.0.1-py3.7.egg" type="simple" />
            <root url="file://$USER_HOME$/.PyCharmCE2018.3/system/python_stubs/1381230633" type="simple" />
            <root url="file://$APPLICATION_HOME_DIR$/helpers/python-skeletons" type="simple" />
            <root url="file://$APPLICATION_HOME_DIR$/helpers/typeshed/stdlib/3" type="simple" />
            <root url="file://$APPLICATION_HOME_DIR$/helpers/typeshed/stdlib/2and3" type="simple" />
            <root url="file://$APPLICATION_HOME_DIR$/helpers/typeshed/third_party/3" type="simple" />
            <root url="file://$APPLICATION_HOME_DIR$/helpers/typeshed/third_party/2and3" type="simple" />
          </root>
        </classPath>
        <sourcePath>
          <root type="composite" />
        </sourcePath>
      </roots>
      <additional ASSOCIATED_PROJECT_PATH="$USER_HOME$/PycharmProject/InventoryProject" />
    </jdk>
    <jdk version="2">
      <name value="Python 3.7 (Exzam.proposal)" />
      <type value="Python SDK" />
      <version value="Python 3.7.2" />
      <homePath value="C:\Users\SUPERUSER\PycharmProject\Exzam.proposal\venv\Scripts\python.exe" />
      <roots>
        <classPath>
          <root type="composite">
            <root url="file://C:/Program Files (x86)/Python37-32/DLLs" type="simple" />
            <root url="file://C:/Program Files (x86)/Python37-32/Lib" type="simple" />
            <root url="file://C:/Program Files (x86)/Python37-32" type="simple" />
            <root url="file://$USER_HOME$/PycharmProject/Exzam.proposal/venv" type="simple" />
            <root url="file://$USER_HOME$/PycharmProject/Exzam.proposal/venv/Lib/site-packages" type="simple" />
            <root url="jar://$USER_HOME$/PycharmProject/Exzam.proposal/venv/Lib/site-packages/setuptools-39.1.0-py3.7.egg!/" type="simple" />
            <root url="file://$USER_HOME$/PycharmProject/Exzam.proposal/venv/Lib/site-packages/pip-10.0.1-py3.7.egg" type="simple" />
            <root url="file://$USER_HOME$/.PyCharmCE2018.3/system/python_stubs/-348571911" type="simple" />
            <root url="file://$APPLICATION_HOME_DIR$/helpers/python-skeletons" type="simple" />
            <root url="file://$APPLICATION_HOME_DIR$/helpers/typeshed/stdlib/3" type="simple" />
            <root url="file://$APPLICATION_HOME_DIR$/helpers/typeshed/stdlib/2and3" type="simple" />
            <root url="file://$APPLICATION_HOME_DIR$/helpers/typeshed/third_party/3" type="simple" />
            <root url="file://$APPLICATION_HOME_DIR$/helpers/typeshed/third_party/2and3" type="simple" />
          </root>
        </classPath>
        <sourcePath>
          <root type="composite" />
        </sourcePath>
      </roots>
      <additional ASSOCIATED_PROJECT_PATH="$USER_HOME$/PycharmProject/Exzam.proposal" />
    </jdk>
  </component>
</application>