<application>
  <component name="UISettings">
    <option name="COLOR_BLINDNESS" value="deuteranopia" />
    <option name="FONT_FACE" value="Arial" />
    <option name="FONT_SCALE" value="1.0" />
    <option name="FONT_SIZE" value="14" />
    <option name="OVERRIDE_NONIDEA_LAF_FONTS" value="true" />
    <option name="PRESENTATION_MODE_FONT_SIZE" value="22" />
    <option name="RIGHT_HORIZONTAL_SPLIT" value="true" />
    <option name="SHOW_MAIN_TOOLBAR" value="true" />
    <option name="SHOW_MEMORY_INDICATOR" value="true" />
    <option name="smoothScrolling" value="true" />
    <option name="USE_SMALL_LABELS_ON_TABS" value="true" />
  </component>
</application>